word,profane,offensive,sexual,mean,evasive
Âçç,0,2,0,0,0
Âçê,0,2,0,0,0
‡øï,0,2,0,0,0
‡øñ,0,2,0,0,0
‡øó,0,2,0,0,0
‡øò,0,2,0,0,0
‚ú†,0,1,0,0,0
üñï,1,0,0,0,1
üçÜ,0,0,0,0,1
üçÜüí¶,1,0,3,0,1
üçÜüí¶üçë,1,0,3,0,2
üçÜüçë,1,0,3,0,2
üçÜ+üçë,1,0,3,0,2
üçëüí¶,1,0,0,0,1
ìÇ∫,0,0,2,0,3
_l_,1,0,0,0,2
3==D,0,0,2,0,1
3==o,0,0,2,0,1
8==>,0,0,2,0,1
8==D,0,0,2,0,1
8==o,0,0,2,0,1
9/11,0,1,0,0,0
c==3,0,0,2,0,1
c==B,0,0,2,0,1
a mf,1,1,1,0,1
a negro,0,1,0,0,0
a latex,0,0,2,0,2
adlof,0,1,0,0,1
adolf,0,2,0,0,0
africans,0,1,0,0,0
ahole,2,0,1,2,0
aholes,2,0,1,0,0
anal,2,0,2,0,0
anus,2,0,0,0,0
apeshit,2,0,0,0,0
aregae,0,2,0,0,1
aregay,0,2,0,0,0
arse,2,0,0,0,0
arsehole,2,0,0,0,0
ashole,2,0,1,2,0
asian people,0,1,0,0,0
asians,0,1,0,0,0
 ass,2,0,1,0,0
assbanger,2,0,2,0,0
asseater,2,0,0,2,0
asses,2,0,1,0,0
asscock,2,0,2,0,0
assface,2,0,0,2,0
asshat,2,0,0,2,0
asshole,2,0,1,2,0
asslick,2,0,1,2,0
assjaber,2,0,2,0,0
asspirate,2,2,2,0,1
asswipe,2,0,0,2,0
 azz,1,0,0,0,1
b word,1,0,0,0,1
bad lay,0,0,2,1,0
bafangu chooch,0,0,2,0,0
baisee,2,0,1,0,0
balls,0,0,1,0,0
ballz,0,0,1,0,1
bals,0,0,1,0,1
balsack,0,0,3,0,0
bastard,2,3,0,0,0
bastrad,2,3,0,0,1
batard,1,2,0,0,0
 bdsm,0,0,2,0,0
beaner,0,2,0,0,0
beastiality,0,0,3,0,0
beatmeat,0,0,2,0,1
beatingmeat,0,0,2,0,1
beatthemeat,0,0,2,0,1
beatingthemeat,0,0,2,0,1
beatmymeat,0,0,2,0,1
beattheirmeat,0,0,2,0,1
beatingtheirmeat,0,0,2,0,1
beatyourmeat,0,0,2,1,1
beatingyourmeat,0,0,2,1,1
beefcurtains,2,0,3,0,2
beetch,0,2,2,0,1
belend,0,0,2,0,1
bendover,0,0,1,0,0
biatch,0,2,2,0,1
bich,0,2,2,0,1
bigass,1,0,0,0,0
bigknob,0,0,2,0,3
bint,1,1,0,1,1
bish,0,1,1,0,1
bishes,0,1,1,0,1
bitch,0,2,2,0,0
bitches,0,2,2,0,0
bitsch,0,2,2,0,2
black ass,0,2,0,0,0
blackcock,2,2,2,0,0
black guy,0,1,0,0,0
bloody,1,0,0,0,0
bloddyhell,2,0,0,0,0
blow me,0,0,2,0,0
blowjob,0,0,3,0,0
bobs,0,0,2,0,2
bollocs,2,0,2,0,1
bollock,2,0,2,0,0
bollocks,2,0,2,0,0
bollok,2,0,2,0,1
bolloks,2,0,2,0,1
bondage,0,0,3,0,0
boner,0,0,3,0,0
boob,0,0,3,0,0
boobies,0,0,3,0,0
bootplug,1,0,2,0,1
booty,1,0,0,0,1
bootycall,1,0,3,0,1
bootycheek,1,0,0,0,0
breast,0,0,2,0,0
btch,0,2,2,0,1
bugger,2,0,0,0,0
bulshit,2,0,0,0,0
bullsht,2,0,0,0,1
bum,1,0,0,1,0
bumfuck,2,0,0,2,0
but hole,1,0,0,0,0
butt,1,0,0,0,0
buttock,1,0,0,0,0
buttox,1,0,0,0,2
bra,0,0,1,0,0
brainless,0,0,0,1,0
bxtch,0,2,2,0,2
C+B,2,0,2,0,2
cabron,1,0,0,1,0
cameljockey,0,2,0,0,0
carajo,1,0,0,0,0
castrate,0,0,2,0,0
castration,0,0,2,0,0
cazata,2,0,0,0,0
cazzo,1,0,1,0,0
cheap lay,0,0,2,0,0
cheep lay,0,0,2,0,0
chickenshit,2,0,0,1,0
chinaflu,0,2,0,0,0
chinaplague,0,2,0,0,0
chinavirus,0,2,0,0,0
chingchong,0,2,0,1,0
chingchangchong,0,2,0,1,0
chink,0,3,0,0,0
chupalo,0,0,2,2,0
chupamela,0,0,2,2,0
chynk,0,2,0,0,2
clambamer,1,0,2,0,2
clamslamer,1,0,2,0,2
clit,0,0,3,0,0
clunge,2,0,3,0,2
cock,2,0,2,0,0
cocksuck,2,0,3,0,0
cok,2,0,2,0,1
coglione,2,0,1,2,0
commie,0,2,0,0,0
commis,0,2,0,0,0
commitsuicide,1,2,0,3,0
condom,0,0,2,0,0
connard,1,0,0,2,0
connasse,1,0,0,2,0
coom,0,0,3,0,0
coomer,0,0,3,2,0
coon,0,5,0,0,0
couillon,1,0,0,2,0
coward,0,0,0,1,0
cracker,0,2,0,0,0
crap,1,0,0,0,0
creampie,0,0,2,0,1
crotch,0,0,1,0,0
cuck,0,0,2,0,0
 cum,0,0,3,0,0
cumer,0,0,3,0,1
cumed,0,0,3,0,0
cumgoblin,0,0,3,0,0
cumguzler,0,0,3,0,0
cumlord,0,0,3,0,0
cnt,0,2,2,0,1
cunt,0,2,2,0,0
dafuq,2,0,0,0,1
damn,1,0,0,0,0
daygo,0,3,0,0,0
dck,1,0,1,1,1
deek,2,0,2,1,2
deesnuts,0,0,1,0,0
deesnoots,0,0,1,0,1
deeznuts,0,0,1,0,0
deeznoots,0,0,1,0,1
deflower,0,0,2,0,0
degenerate,0,0,0,1,0
dego,0,2,0,0,0
dic,2,0,2,1,1
dicc,2,0,2,1,1
dick,2,0,2,1,0
dicker,2,0,2,0,1
dickhead,2,1,2,2,0
dik,2,0,2,1,1
dildo,0,0,3,0,0
dimwit,0,1,0,2,0
dingleberry,1,0,0,0,0
dipshit,2,0,0,2,0
dldo,0,0,3,0,0
dominatrics,0,0,3,0,0
dominatrix,0,0,3,0,0
dong,0,0,2,0,0
douche,1,1,2,2,0
douchebag,1,1,2,2,0
douchiest,1,1,2,1,0
douching,1,1,2,1,0
dumb,0,0,0,1,0
dumbass,2,0,0,2,0
dyke,2,2,2,0,0
eat dog,0,1,0,0,0
ecchi,0,0,2,0,0
 eff,2,0,2,0,1
effing,2,0,2,0,1
ejaculat,0,0,2,0,0
ejaculate,0,0,2,0,0
encule,2,0,0,0,0
enfoire,2,0,2,2,0
f'd,2,0,2,0,1
f off,2,0,0,2,1
f word,1,0,0,0,1
f y s,2,0,1,3,2
f you,2,0,0,2,1
f u,2,0,0,2,1
facyou,1,0,1,2,1
facist,0,2,0,0,0
fack,1,0,1,0,1
fak,1,0,1,0,2
fallot,0,1,1,0,2
fascist,0,2,0,0,0
fashist,0,2,0,0,0
fag,0,3,1,0,0
fagg,0,3,1,0,0
fags,0,3,1,0,0
faget,0,3,1,0,2
fagh,2,0,1,2,0
fagit,0,3,1,0,1
fagmouth,0,3,1,2,0
fagot,0,3,1,0,0
faegot,0,3,1,0,1
fanculo,2,0,2,0,0
fankulo,2,0,2,0,0
fat,0,0,0,1,0
fatso,0,0,0,2,0
fatty,0,1,0,2,0
fawk,2,0,1,0,2
faygot,0,3,1,0,1
faqing,2,0,2,0,2
fck,2,0,2,0,1
fcked,2,0,2,0,1
fcken,2,0,2,0,1
fcker,2,0,0,2,1
fckin,2,0,2,0,1
fcking,2,0,2,0,1
fcks,2,0,0,0,1
fcuk,2,0,2,0,2
feces,1,0,0,0,0
feck,2,0,2,0,1
felching,0,0,3,0,0
felate,0,0,3,0,0
felatio,0,0,3,0,0
female toes,0,0,2,0,1
fetish,0,0,2,0,0
ficking,2,0,2,0,2
fing,1,0,1,0,1
finger u,0,0,2,0,0
fingeryou,0,0,2,0,0
fingering,0,0,1,0,0
fis de put,2,0,2,3,1
fis put,2,0,2,3,1
fk,2,0,2,0,1
fkc,2,0,2,0,1
fkcing,2,0,2,0,2
fkd,2,0,2,0,1
fked,2,0,2,0,1
fkin,2,0,2,0,1
fking,2,0,2,0,1
fkig,2,0,2,0,2
fkk,2,0,2,0,1
fkker,2,0,2,0,1
fkn,2,0,2,0,1
fkuc,2,0,2,0,2
fkucing,2,0,2,0,2
flange,0,0,3,0,0
flikker,0,3,1,0,1
fock,2,0,2,0,2
fok,2,0,2,0,3
fook,2,0,2,0,3
foursome,0,0,3,0,0
freak,0,0,0,2,0
freesex,0,0,3,0,0
frick,1,0,0,0,0
frik,1,0,0,0,1
frikyou,1,0,0,2,1
frig,1,0,2,0,0
fuack,2,0,2,0,2
fuc,2,0,2,0,0
fucc,2,0,2,0,1
fuch,2,0,2,0,2
fucing,2,0,2,0,2
fuck,2,0,2,0,0
fucked,2,0,2,0,0
fucker,2,0,0,2,0
fucking,2,0,2,0,0
fuckyou,2,0,2,3,0
fuckyourself,2,0,2,3,0
fudgepacker,0,0,3,0,0
fug,2,0,2,0,3
fuged,2,0,2,0,3
fuging,2,0,2,0,3
fuger,2,0,0,2,3
fuhrer,0,1,0,0,0
fuk,2,0,2,0,1
fukk,2,0,2,0,1
fuked,2,0,2,0,2
fuker,2,0,0,2,2
fukc,2,0,2,0,2
fukin,2,0,2,0,1
fukyou,2,0,2,3,1
fuq,2,0,2,0,1
fuqq,2,0,2,0,1
fuque,2,0,2,0,3
fycuk,1,0,0,0,1
fys,2,0,1,2,1
fyuck,1,0,0,0,1
gangbang,0,3,0,0,0
gaay,0,1,0,0,0
gae,0,1,0,0,1
gay,0,1,0,0,0
gaeness,0,1,0,0,1
gasjew,0,3,0,0,0
gazjew,0,3,0,0,2
gasalljew,0,3,0,0,0
gazalljew,0,3,0,0,2
gasthejew,0,3,0,0,0
gazthejew,0,3,0,0,2
gayness,0,1,0,0,0
gays,0,1,0,0,0
gayest,0,2,0,0,0
genital,0,0,2,0,0
gfys,2,0,1,2,1
ggers,3,3,0,0,0
getcancer,0,0,0,3,0
getlost,0,0,0,2,0
get married,0,0,1,0,0
ghetto,0,2,0,0,0
gilipolas,0,0,2,2,0
gky,0,2,0,2,1
glizy,0,0,2,0,2
goddam,1,1,0,0,0
good lay,0,0,2,0,0
gouine,0,2,2,0,0
gringo,0,0,0,1,0
gun to school,3,0,0,0,0
gun at school,3,0,0,0,0
gunt,0,2,2,0,1
handjob,0,0,3,0,0
hangyourself,0,2,0,3,0
h8,0,0,0,2,1
haet,0,0,0,2,2
hate,0,0,0,2,1
hate asian,0,2,0,2,0
hate african,0,2,0,2,0
hate black,0,2,0,2,0
hate chinese,0,2,0,2,0
hator,0,0,0,2,2
hayt,0,0,0,2,2
heil hitler,0,3,0,0,0
hell,1,0,0,0,0
hentai,0,0,3,0,0
her ashes,0,1,0,0,0
her bob,0,0,3,0,0
heshe,0,0,2,0,0
hifler,0,1,0,0,2
hijo de perra,0,0,1,2,0
hijo de puta,0,0,1,2,0
hilter,0,2,0,0,2
his ashes,0,1,0,0,0
hitlar,0,2,0,0,2
hitle,0,1,0,0,0
hitler,0,2,0,0,0
hitlr,0,2,0,0,2
ho,0,2,1,0,0
hoar,0,3,2,0,0
hoe,0,2,1,0,0
hoes,0,2,1,0,0
holocast,0,2,0,0,1
holocaust,0,2,0,0,0
holocust,0,2,0,0,2
 homo,0,2,1,0,0
honkey,0,2,0,0,0
honkie,0,2,0,0,0
hooker,0,0,3,0,0
hope u die,0,0,0,3,1
hopeyoualldie,0,0,0,3,0
hopeyoudie,0,0,0,3,0
horny,0,0,3,0,0
horseshit,2,0,0,0,0
htler,0,2,0,0,2
htlr,0,2,0,0,2
huejass,2,0,1,0,2
huevon,1,0,0,1,0
hugh janus,2,0,0,0,2
hump jo mama,0,0,2,2,2
hump yo mama,0,0,2,2,1
hump woman,0,0,2,0,0
hump women,0,0,2,0,0
gooch,0,0,2,0,0
idiot,0,0,0,1,0
igger,3,3,0,0,0
imbecil,0,0,0,2,0
incel,0,1,2,1,0
incest,0,0,3,0,0
insemin,0,0,2,0,0
inseminate,0,0,3,0,0
inseminater,0,0,3,0,0
inseminating,0,0,3,0,0
inseminator,0,0,3,0,0
intercourse,0,0,2,0,1
isgay,0,2,0,0,0
jackass,1,0,0,1,0
jackoff,0,0,2,0,0
jackshit,2,0,0,0,0
jerk,0,0,0,1,0
jew,0,1,0,0,0
jewish,0,1,0,0,0
jews,0,1,0,0,0
jigaboo,0,3,0,0,0
jizz,0,0,3,0,0
joder,2,0,2,0,0
juden,0,1,0,0,1
jumpofabridge,0,1,0,2,0
jumpoutawindow,0,1,0,2,0
kike,0,2,0,0,0
kilyoself,0,2,0,3,2
kilyoslef,0,2,0,3,2
kilyouself,0,2,0,3,2
kilyouslef,0,2,0,3,2
kilyourself,0,2,0,3,0
kilyourslef,0,2,0,3,2
kinky,0,0,1,0,0
kill student,3,0,0,0,0
killallstudent,3,0,0,0,0
killaschool,3,0,0,0,0
killchinese,0,2,0,0,0
killchina,0,2,0,0,0
killfamily,0,2,0,0,0
killmyfamily,0,2,0,0,0
killmyschool,3,0,0,0,0
killotherpeople,2,0,0,0,0
killpeople,2,0,0,0,0
killrussia,0,2,0,0,0
killrussians,0,2,0,0,0
killukraine,0,2,0,0,0
killukrainians,0,2,0,0,0
killing student,3,0,0,0,0
killingallstudent,3,0,0,0,0
killingaschool,3,0,0,0,0
killingchinese,0,2,0,0,0
killingchina,0,2,0,0,0
killingmyschool,3,0,0,0,0
killingotherpeople,2,0,0,0,0
killingpeople,2,0,0,0,0
killingrussia,0,2,0,0,0
killingrussians,0,2,0,0,0
killingukraine,0,2,0,0,0
killingukrainians,0,2,0,0,0
killyourfamily,0,2,0,3,0
kkk,0,3,0,0,0
kkklan,0,3,0,0,0
kkkmember,0,3,0,0,0
 klan,0,2,0,0,0
klansman,0,3,0,0,0
klansmen,0,3,0,0,0
klanswoman,0,3,0,0,0
klanswomen,0,3,0,0,0
knobend,1,1,0,2,1
knobhead,1,1,0,2,1
kocksock,2,0,3,0,2
kocksuck,2,0,3,0,2
krap,1,0,0,0,1
kuklux,0,3,0,0,0
kukluxklan,0,3,0,0,0
kunt,0,0,2,0,2
kys,0,2,0,3,0
labia,0,0,3,0,0
lame botas,0,0,0,1,0
lardface,0,1,0,1,0
leccami,0,0,1,0,0
lenin,0,1,0,0,0
lick my,0,0,1,0,1
like monkey,0,1,0,2,1
like a monkey,0,1,0,2,1
los cojones,0,0,1,0,0
loser,0,0,0,2,0
loveslavery,0,2,0,0,1
lowlife,0,1,0,2,0
mailabomb,0,2,0,0,0
maldito,1,0,0,0,0
malnacido,0,0,1,2,0
maricon,0,2,2,0,0
marry me,0,0,1,0,0
marry you,0,0,1,0,0
masacreinhisschool,3,0,0,0,0
masacreinmyschool,3,0,0,0,0
masacremyschool,3,0,0,0,0
masherbate,0,0,2,0,2
masherbating,0,0,2,0,2
massmurderschool,3,0,0,0,0
massmurderaschool,3,0,0,0,0
massmurdermyschool,3,0,0,0,0
masterbate,0,0,2,0,0
masterbating,0,0,2,0,0
mastherbate,0,0,2,0,2
mastherbating,0,0,2,0,2
masterhbate,0,0,2,0,2
masterhbating,0,0,2,0,2
masturbate,0,0,2,0,0
masturbating,0,0,2,0,0
mdrfkr,2,2,2,0,2
meatbeating,0,0,2,0,1
merda,2,0,0,0,0
merde,1,0,0,0,0
mierda,2,0,0,0,0
migga,2,3,0,0,2
miger,2,5,0,0,2
mikeock,2,0,2,1,2
milf,0,0,2,0,0
milkyourmother,0,0,1,2,0
minge,0,0,3,0,1
moron,0,0,0,2,0
motherfk,2,1,2,0,1
motherfuck,2,1,2,0,0
motherfucker,2,2,2,0,0
motherfuk,2,1,2,0,1
muff,0,0,3,0,0
murderschool,3,0,0,0,0
murderstudent,3,0,0,0,0
murderaschool,3,0,0,0,0
murdermyschool,3,0,0,0,0
mykock,2,0,2,1,2
mydik,2,0,2,1,2
my nut,0,0,2,0,1
naked,0,0,2,0,0
naughty,0,0,1,0,0
n word,1,1,0,0,1
naegar,3,5,0,0,2
naeger,3,5,0,0,2
naegur,3,5,0,0,2
natsee,0,2,0,0,2
national socialist,0,0,0,0,1
natsoc,0,1,0,0,1
natzi,0,2,0,0,1
naygar,3,5,0,0,2
nayger,3,5,0,0,2
naygur,3,5,0,0,2
nazi,0,2,0,0,0
nazis,0,2,0,0,0
nazy,0,2,0,0,2
neger,3,5,0,0,2
negr,3,5,0,0,2
negros,0,1,0,0,0
nerd,0,0,0,1,0
nga,2,3,0,0,2
ngga,2,3,0,0,2
ngger,3,5,0,0,2
ngiger,3,5,0,0,3
nicca,2,3,0,0,1
nicger,3,5,0,0,2
nickger,3,5,0,0,2
nickgur,3,5,0,0,2
nickher,3,5,0,0,2
nickker,3,5,0,0,2
nig,2,3,0,0,0
nigg,2,3,0,0,0
nigga,2,3,0,0,0
niger,3,5,0,0,0
nigler,2,2,0,0,2
niglet,0,2,0,0,2
niguh,2,3,0,0,2
nigr,2,3,0,0,2
nigs,2,3,0,0,1
nippas,2,3,0,0,2
nipple,0,0,1,0,0
nips,0,0,2,0,0
niqq,2,3,0,0,2
niqr,2,3,0,0,2
nmsl,0,1,0,2,2
nolife,0,0,0,2,0
nood,0,0,2,0,2
nsdap,0,2,0,0,1
nude,0,0,3,0,0
nudes,0,0,3,0,0
nuger,2,3,0,1,1
nutcase,0,0,0,1,0
nut in all of u,0,0,3,0,1
nut in all of you,0,0,3,0,0
nut in u,0,0,3,0,1
nut in you,0,0,3,0,0
nutjob,0,0,0,1,0
nuzi,0,2,0,0,2
nyger,3,5,0,0,3
nygga,2,3,0,0,3
nziger,3,5,0,0,3
oralsex,0,0,3,0,0
orgasm,0,0,2,0,0
osama,0,1,0,0,0
osamabin,0,1,0,0,0
osamabinladen,0,1,0,0,0
peanis,1,0,3,0,1
peanus,1,0,3,0,1
penetrator,0,0,1,0,0
pendejo,0,0,0,1,0
penile,0,0,3,0,0
penis,1,0,3,0,0
penus,1,0,3,0,0
pecker,1,0,0,0,1
pecorina,0,0,2,0,0
pedo,0,0,1,0,0
pedophile,0,0,2,0,0
petasse,1,0,2,2,0
peepee,2,0,2,0,0
phalus,1,0,3,0,2
phuc,2,0,2,0,1
phuk,2,0,2,0,1
pieceofgarbage,0,0,0,1,0
pieceofshit,1,0,0,1,0
pinus,1,0,3,0,0
piss,1,0,0,0,0
pompinara,1,0,2,1,0
pompino,1,0,2,0,0
poo,1,0,0,0,0
poop,1,0,0,0,0
poopy,1,0,0,0,0
porn,0,0,3,0,0
pornhub,0,0,3,0,0
pornographic,0,0,2,0,0
pornography,0,0,3,0,0
pornos,0,0,3,0,0
poonani,0,0,3,0,2
poonany,0,0,3,0,2
poosy,0,2,2,2,2
poufiase,0,2,2,0,0
pp,0,0,2,0,0
pps,0,0,2,0,0
pregnant,0,0,2,0,0
prepubescent,0,0,3,0,0
prick,2,0,0,1,0
privatepart,0,0,2,0,1
pron,0,0,3,0,2
pronhub,0,0,3,0,2
prostitut,0,0,3,0,0
prnhub,0,0,3,0,2
pssy,0,2,2,2,2
pube,0,0,3,0,0
pubescent,0,0,3,0,0
punani,0,0,3,0,2
punany,0,0,3,0,2
punk,0,0,0,1,0
pusies,0,2,2,2,0
pusy,0,1,1,1,0
pussey,0,2,2,2,1
pussy,0,2,2,2,0
puttana,1,0,1,0,0
puta madre,2,0,1,0,0
eresputa,0,0,2,2,0
queef,0,0,3,0,0
queer,0,3,0,0,0
racism,0,0,0,1,0
racist,0,0,0,2,0
racist little,0,0,0,2,0
rape,0,0,3,0,0
rapist,0,0,2,0,0
rascist,0,0,0,1,1
rascit,0,0,0,1,2
rectum,0,0,2,0,0
recktum,0,0,2,0,2
reggin,2,2,0,0,3
reich,0,1,0,0,0
retard,0,2,0,2,0
retarded,0,2,0,2,0
retared,0,2,0,2,1
retart,0,2,0,2,0
retarted,0,2,0,2,0
rimjob,0,0,3,0,0
s word,1,0,0,0,1
sad clown,0,0,0,1,0
sakemahdic,0,0,3,0,2
sakemahdiq,0,0,3,0,2
sakemydic,0,0,3,0,2
sakemydiq,0,0,3,0,2
salopard,2,3,0,0,0
salope,0,2,2,0,0
schoolshooting,2,0,0,0,0
screwoff,1,0,0,1,1
screwyou,1,0,0,2,0
screwyourself,1,0,0,2,0
scrotum,0,0,3,0,0
scum,0,0,2,2,0
scumbag,0,0,2,2,0
scumy,0,0,2,2,0
secks,0,0,2,0,2
secs,0,0,2,0,2
seex,0,0,2,0,0
semen,0,0,3,0,0
sex,0,0,2,0,0
sexbot,0,0,2,0,0
sexc,0,0,1,0,1
sexmaster,0,0,2,0,0
sext,0,0,2,0,0
sexx,0,0,2,0,0
sexiest,0,0,1,0,0
sexual,0,0,2,0,0
sexy,0,0,1,0,0
shoot school,2,0,0,0,0
shootupschool,3,0,0,0,0
shootupaschool,3,0,0,0,0
shootupmyschool,3,0,0,0,0
shootupaelementaryschool,3,0,0,0,0
shootupanelementaryschool,3,0,0,0,0
shootupamiddleschool,3,0,0,0,0
shootupanmiddleschool,3,0,0,0,0
shootupahighschool,3,0,0,0,0
shootupanhighschool,3,0,0,0,0
shager,0,0,3,0,0
shaging,0,0,3,0,0
shat,1,0,0,0,1
shit,2,0,0,0,0
shiet,2,0,0,0,1
shted,2,0,0,0,1
shited,2,0,0,0,0
shiter,2,0,0,2,0
shithead,2,1,0,2,0
shet,2,0,0,0,2
sht,2,0,0,0,1
shut the f up,1,0,0,2,0
shut it,0,0,0,2,0
shut ut,0,0,0,2,1
shut ur face,0,0,0,2,1
shut your face,0,0,0,2,1
shutup,0,0,0,2,0
shyt,2,0,0,0,2
sick my,0,0,2,0,1
sick your,0,0,2,0,1
siegheil,0,2,0,0,1
sieghail,0,2,0,0,2
sisy,0,0,0,1,0
skank,0,2,3,0,0
slut,0,2,2,0,0
smallD,2,0,2,2,2
small dick,2,0,2,2,0
small dk,2,0,2,2,2
smash woman,0,0,2,0,0
smash women,0,0,2,0,0
smol dk,2,0,2,2,3
sodomize,0,0,3,0,0
sodomy,0,0,3,0,0
spankme,0,0,2,0,1
spastic,0,0,0,2,0
 spic,0,2,0,0,0
spunk,0,0,3,0,0
ssex,0,0,1,0,1
stalin,0,1,0,0,0
stfu,1,0,0,2,0
striper,0,0,2,0,0
stronzo,2,0,1,0,0
sto cazzo,1,0,2,0,0
stupid,0,0,0,1,0
suc my,0,0,3,0,1
succ,0,0,1,1,1
sucs,0,0,1,1,1
suck,0,0,1,1,0
sucker,0,0,0,2,0
sucking my,0,0,3,0,0
sucking me,0,0,3,0,0
sucking your,0,0,3,0,0
sucks,0,0,1,1,0
suckit,0,0,2,2,0
suckme,0,0,3,0,0
suckmy,0,0,3,0,0
suck your,0,0,3,0,0
suhck,0,0,1,1,2
suhckme,0,0,3,0,2
suicidal,1,0,0,0,0
suicide,1,0,0,0,0
suiside,1,0,0,0,1
suk,0,0,1,1,1
sukk,0,0,1,1,1
swatika,0,1,0,0,1
swastika,0,1,0,0,0
swastica,0,1,0,0,1
taketheeasywayout,0,1,0,2,1
tampon,0,0,1,0,0
tapette,0,2,2,0,0
tard,0,1,0,1,1
terrorist,0,1,0,0,0
testes,0,0,3,0,0
testical,0,0,3,0,1
testicle,0,0,3,0,0
that sob,1,0,1,0,0
that mf,1,1,1,0,1
they can die,0,0,0,2,0
thirdreich,0,2,0,0,0
this mf,1,1,1,0,1
threesome,0,0,3,0,0
ticklemypickl,0,0,2,0,1
ticklemypickle,0,0,2,0,1
tickleyourpickl,0,0,2,0,1
tickleyourpickle,0,0,2,0,1
ticklmypickl,0,0,2,0,2
ticklyourpickl,0,0,2,0,2
tiddy,0,0,2,0,1
tidies,0,0,2,0,1
tit,0,0,2,0,0
tits,0,0,2,0,0
titty,0,0,2,0,0
tittie,0,0,2,0,0
tities,0,0,2,0,0
toesinmymouth,0,0,2,0,1
toesinyourmouth,0,0,2,0,1
tohell,1,1,0,2,0
tonto del culo,1,0,0,2,0
tosser,2,0,0,0,0
touchkids,0,0,1,0,0
touched a kid,0,0,1,0,0
touched kids,0,0,1,0,0
touching a kid,0,0,1,0,0
touching kids,0,0,1,0,0
trany,0,2,1,2,1
tu madre,0,0,0,1,0
tuchkids,0,0,1,0,1
turd,1,0,0,0,0
turnedmeon,0,0,2,0,0
turnmeon,0,0,2,0,0
turnsmeon,0,0,2,0,0
tussi,1,1,0,1,0
twat,0,0,3,0,0
twerk,0,0,1,0,0
twerking,0,0,1,0,0
twit,0,0,0,1,0
u mf,2,1,1,2,2
ufuk,2,0,2,0,2
ugly,0,0,0,2,0
uncletom,0,2,0,2,0
underskirt,0,0,2,0,0
unsecks,0,0,2,0,0
unsecs,0,0,2,0,0
unsex,0,0,2,0,0
upyourass,2,0,2,2,0
upyourmom,0,0,3,2,0
urmom,0,0,1,1,0
urmother,0,0,1,1,0
useyourhead,0,0,0,1,0
vafanculo,2,0,2,0,0
vagina,0,0,3,0,0
verga,1,0,1,0,0
vete al demonio,1,0,0,2,0
viagra,0,0,1,0,0
vibrator,0,0,3,0,0
virgin,0,0,1,0,0
vixen,0,1,2,0,0
votre bite,2,0,2,1,0
votre mere,0,0,0,1,0
vulva,0,0,3,0,0
wank,0,0,3,0,0
wanker,0,0,3,0,0
wdnmd,0,2,0,3,2
weaner,0,0,2,0,2
weanie,0,0,2,0,2
weener,0,0,2,0,1
weenie,0,0,2,0,1
whitepower,0,1,0,0,0
whitesonly,0,2,0,0,0
whitesupremacist,0,1,0,0,0
whitesupremacy,0,1,0,0,0
whitetrash,0,2,0,0,0
whore,0,3,3,0,0
wiglestick,1,0,2,0,2
wigga,2,3,0,0,0
wigger,2,3,0,0,0
xrated,0,0,2,0,0
xxx,0,0,2,0,1
xyn tebe,2,0,2,2,0
ya hole,0,0,2,0,2
ya mama,0,0,1,1,1
ya moma,0,0,1,1,1
ya mum,0,0,1,1,2
you are disabled,0,1,0,2,0
you are idiot,0,0,0,2,0
you are weird,0,0,0,2,0
you mf,2,1,1,2,1
you monkey,0,1,0,1,0
youre hole,0,0,2,0,3
youremother,0,0,1,1,1
youre trash,0,0,0,2,0
your hole,0,0,2,0,2
yourmother,0,0,1,1,0
yourmom,0,0,1,1,0
yourmum,0,0,1,1,1
yomama,0,0,0,1,0
yo mum,0,0,0,1,1
zoccola,0,2,2,0,0
zorra,0,1,1,2,0
bnR–¥b,1,0,0,0,0
cocN xyN,1,0,3,1,0
cyKa,0,2,2,0,0
cyKN,0,2,2,0,0
cyuka,0,2,2,0,0
ebaH—ãN,2,0,1,0,0
ebaHa—è,2,0,1,0,0
ebaH—ãe,2,0,1,0,0
e–±an–æ,2,0,1,0,0
ebaTb,2,0,1,0,0
Mpa–∑b,0,0,2,2,0
My–¥aK,1,0,0,2,0
N–¥N Ha xyN,2,0,2,2,0
ne–¥NK,0,2,2,0,0
nN–∑–¥a,0,1,2,1,0
nN–¥op,0,2,2,0,0
npocTNTyTka,0,0,2,0,0
nN–¥opac,0,2,2,0,0
–¥epbMo,2,0,0,0,0
–¥pouNTb,0,0,2,0,0
–≥oBHo,2,0,0,0,0
roMocek,0,0,1,0,0
roMoc—èTNHa,0,0,1,0,0
TpaxaTb,2,0,1,0,0
wn—éxa,0,1,2,0,0
wanaBa,0,1,2,0,0
xyeBo,1,0,0,0,0
xyeTa,1,0,0,0,0
xyecoc,1,0,2,0,0
xyenneT,1,0,2,0,0
xyNno,2,0,1,2,0
ybn—é–¥ok,1,0,1,0,0
È∏°Â∑¥,1,0,3,0,0
Â§©ÂÆâÈñÄ,0,0,1,0,0
Â§©ÂÆâÈó®,0,0,1,0,0
ÂÇªÈÄº,2,0,2,0,0
‰ªñÂ¶àÁöÑ,2,0,2,0,0
ÁéãÂÖ´Ëõã,2,3,0,0,0
Ë¥±‰∫∫,0,2,2,0,0
ÂêÉ‰∏™Ê°É,0,0,0,1,0
‰Ω†Â¶àÈÄº,2,0,2,3,0
Êìç‰Ω†Â¶à,2,0,2,3,0
ÂÇªÈÄº,0,0,0,1,0
ËÑëÊÆã,0,0,0,1,0
ËÇõÈó®,2,0,0,0,0
È∏°Â∑¥,2,0,2,1,0
ÊÄß‰∫§,0,0,2,0,0
Ë¥±Ë¥ß,0,2,2,0,0
Âº∫Â•∏,0,0,3,0,0
Èò¥ÈÅì,0,0,3,0,0
Ëâ≤ÊÉÖ,0,0,3,0,0
ÂêÉÁøî,0,0,0,2,0
ÈªëÈ¨º,3,5,0,0,0
ÁãóË¥ß,1,0,0,0,0
ËÑëÁò´,0,1,0,1,0
Èò¥Ëåé,1,0,3,0,0
‰∫§ÈÖç,0,0,1,0,0
Ë¥±ÈÄº,0,2,2,0,0
Á¢ßÊ±†,0,2,2,0,0
Âè£‰∫§,0,0,3,0,0
Â∞ÑÁ≤æ,0,0,2,0,0
ÂêÉÂ±é,1,0,0,2,0
ÈòâÂâ≤,0,0,2,0,0
Êô∫Èöú,0,2,0,2,0
Â±ÅÁúº,2,0,1,2,0
ÁîüÊÆñÂô®,0,0,2,0,0
‰Ω†Â¶àÊ≠ª‰∫Ü,0,0,0,2,0
Â±Ñ,0,2,2,2,2
Á≤æÊ∂≤,0,0,3,0,0
ÊØõÂ≠ê,0,0,0,1,0
Ëçâ‰Ω†Â¶à,0,1,0,2,0
È∏°È∏°,1,0,1,1,0
Ê∑´,0,0,1,0,0
Â∞èÁ©¥,0,2,2,2,0
Â•∂Â≠ê,0,0,2,0,0
‰∏ú‰∫öÁóÖÂ§´,0,1,0,0,0
Ëá™ÊÖ∞,0,0,2,0,0
Ëâπ‰Ω†Â¶à,2,0,2,3,0
Ê≥ïÂÖãÈ±ø,2,0,2,3,2
‰π≥Êàø,0,0,2,0,0
ÊùÇÁßç,2,3,0,0,0
Êõπ‰Ω†Â¶à,2,0,2,3,2
Áùæ‰∏∏,0,0,3,0,0
Â±å,1,0,1,1,0
Êí∏ÁÆ°,0,0,2,0,0
È©¨Áúº,0,0,0,1,0
ËâπÂ∞ºÈ©¨,2,0,0,0,0
Â∑≤Êí∏,2,0,0,0,0
ÊâìÈ£ûÊú∫,0,0,2,0,0